{"宜宾市(宜宾)":[104.633019,28.769675],"南充市(南充中转站)":[106.105554,30.800965],"天津市(天津中转部)":[117.210813,39.14393],"天津市(北辰一部)":[117.180606,39.259131],"无锡市(无锡中转部)":[120.305456,31.570037],"上海市(上海)":[121.487899,31.249162],"上海市(闵行航华)":[121.425024,31.093538],"上海市(松江)":[121.226791,31.021245],"成都市(成都中转)":[104.067923,30.679943],"贵阳市(贵阳白云)":[106.686743,26.719737],"东莞市(东莞中心)":[113.763434,23.043024],"广州市(广州中心)":[113.30765,23.120049],"清远市(清远清新)":[112.948899,23.93229],"清远市(清新浸潭镇)":[112.817469,24.067123],"济南市(济南中转部)":[117.024967,36.682785],"临沂市(临沂中转部)":[118.340768,35.072409],"临沂市(临沂)":[118.340768,35.072409],"临沂市(临沂玩具城二部)":[118.340768,35.072409],"盘锦市(盘锦中转)":[122.073228,41.141248],"沈阳市(沈阳中转)":[123.432791,41.808645],"沈阳市(沈阳大东六部)":[123.498927,41.835279],"揭阳市(揭阳新亨)":[116.296795,23.632089],"揭阳市(潮汕中心)":[116.379501,23.547999],"衡阳市(衡阳中转)":[112.583819,26.898164],"永州市(永州新田县)":[112.234807,25.890527],"广州市(广州沙埔)":[113.491338,23.095947],"中山市(中山中心)":[113.42206,22.545178],"中山市(中山小榄)":[113.42206,22.545178],"中山市(中山五桂山)":[113.417216,22.525964],"茂名市(粤西中心)":[110.931245,21.668226],"湛江市(湛江)":[110.365067,21.257463],"泉州市(泉州鲤城)":[118.568455,24.905745],"泉州市(泉州中转部)":[118.600362,24.901652],"广州市(广州沙河)":[113.30765,23.120049],"广州市(广州新太和)":[113.30765,23.120049],"深圳市(深圳中心)":[114.025974,22.546054],"深圳市(深圳新石岩)":[114.025974,22.546054],"深圳市(深圳布吉)":[114.124436,22.608421],"长沙市(长沙中转部)":[112.979353,28.213478],"长沙市(浏阳)":[113.721985,28.234472],"长沙市(浏阳高坪镇)":[113.814335,28.178709],"北京市(北京)":[116.395645,39.929986],"北京市(北京昌平二部中通)":[116.216456,40.221724],"泰州市(泰州中转部)":[119.919606,32.476053],"泰州市(兴化)":[119.996418,32.961954],"上海市(松江东部)":[121.226791,31.021245],"常州市(常州中转部)":[119.981861,31.771397],"常州市(常州)":[119.981861,31.771397],"常州市(常州大学城范)":[119.949793,31.683922],"西宁市(西宁中转)":[101.767921,36.640739],"海西蒙古族藏族自治州(格尔木市)":[92.701667,35.580972],"三明市(三明中转)":[117.642194,26.270835],"三明市(三明宁化)":[117.642194,26.270835],"温州市(温州中转部)":[120.690635,28.002838],"温州市(永嘉瓯北)":[120.668809,28.33639],"上海市(闸北三部)":[121.457769,31.288044],"上海市(上海航空部)":[121.487899,31.249162],"莆田市(莆田)":[119.077731,25.44845],"郑州市(郑州)":[113.649644,34.75661],"郑州市(郑州中转)":[113.649644,34.75661],"漯河市(漯河中转)":[114.046061,33.576279],"信阳市(信阳潢川县)":[115.16441,32.132798],"信阳市(潢川县桃林铺镇)":[115.333288,32.192261],"宿迁市(沭阳二十部)":[118.85775,34.154014],"宿迁市(沭阳)":[118.85775,34.154014],"淮安市(淮安中转)":[119.313295,33.528349],"芜湖市(芜湖中转部)":[118.384108,31.36602],"芜湖市(芜湖鸠江区五部)":[118.493974,31.375482],"金华市(东阳千祥)":[120.380818,29.237427],"金华市(金华中转部)":[119.652576,29.102899],"安顺市(安顺西秀一部)":[105.92827,26.228595],"揭阳市(揭阳)":[116.379501,23.547999],"武汉市(武汉中转部)":[114.3162,30.581084],"咸宁市(咸宁嘉鱼县)":[113.967139,30.013807],"温州市(平阳)":[120.389387,27.637701],"连云港市(连云港)":[119.173872,34.601549],"临沂市(临沂玩具城)":[118.340768,35.072409],"武汉市(武汉龙阳)":[114.21825,30.554954],"成都市(成都文家场外光华)":[103.933931,30.702861],"哈尔滨市(哈尔滨中转)":[126.657717,45.773225],"哈尔滨市(哈尔滨巴彦)":[127.324287,46.340416],"哈尔滨市(兴隆镇)":[127.149515,46.437422],"深圳市(福田新福星)":[114.055593,22.551731],"南昌市(南昌中转部)":[115.893528,28.689578],"南昌市(瑶湖二部)":[116.051128,28.660393],"郑州市(郑州新郑龙湖)":[113.736115,34.459443],"杭州市(杭州下沙区)":[120.344226,30.322066],"温州市(苍南)":[120.445543,27.434436],"温州市(苍南县城分部)":[120.445543,27.434436],"南宁市(南宁中转)":[108.297234,22.806493],"南宁市(南宁横县)":[109.168927,22.774919],"北京市(北京昌平科技园)":[116.244812,40.209293],"三明市(三明)":[117.642194,26.270835],"沧州市(沧州肃宁)":[115.885816,38.422207],"沧州市(沧衡转运中心)":[116.863806,38.297615],"石家庄市(石家庄)":[114.522082,38.048958],"唐山市(唐山中心)":[118.183451,39.650531],"唐山市(唐山丰南区)":[118.085847,39.384663],"唐山市(丰南小集镇)":[118.301279,39.490081],"南京市(南京中转部)":[118.778074,32.057236],"南京市(南京浦口区)":[118.569125,32.059062],"金华市(永康)":[120.108684,28.940177],"昆明市(昆明中转)":[102.714601,25.049153],"楚雄彝族自治州(楚雄)":[101.328638,24.880252],"楚雄彝族自治州(楚雄六部)":[101.328638,24.880252],"青岛市(胶州)":[119.959421,36.248031],"潍坊市(潍坊中转部)":[119.142634,36.716115],"阜新市(阜新)":[121.660822,42.01925],"荆州市(荆州中转部)":[112.099857,30.396103],"恩施土家族苗族自治州(恩施来凤县)":[109.246714,29.425663],"上海市(松江青青)":[121.226791,31.021245],"石家庄市(石家庄开发区南)":[114.522082,38.048958],"大庆市(大庆)":[125.02184,46.596709],"大庆市(大庆新村一部)":[125.02184,46.596709],"南京市(溧水)":[119.039551,31.590989],"东莞市(东莞长安)":[113.763434,23.043024],"无锡市(无锡山北)":[120.26652,31.607005],"广州市(荔湾和平)":[113.234423,23.093666],"永州市(永州东安县)":[111.342809,26.495588],"沈阳市(沈阳沈北新区)":[123.51869,42.04385],"苏州市(苏州中转部)":[120.619907,31.317987],"苏州市(苏州新区七部)":[120.57905,31.303864],"绍兴市(绍兴中转部)":[120.592467,30.002365],"宁波市(余姚江南)":[121.152779,29.996457],"宁波市(余姚磨刀桥)":[121.164213,30.031479],"宁波市(慈溪市区三部)":[121.338408,30.189257],"连云港市(灌云)":[119.392775,34.406832]}