{"温州市(苍南县城分部)":[120.445543,27.434436],"温州市(苍南)":[120.445543,27.434436],"温州市(温州中转部)":[120.690635,28.002838],"芜湖市(芜湖中转部)":[118.384108,31.36602],"宣城市(泾县)":[118.37604,30.599287],"郑州市(郑州)":[113.649644,34.75661],"郑州市(郑州中转)":[113.649644,34.75661],"郑州市(豫北中转)":[113.649644,34.75661],"濮阳市(濮阳县)":[115.156602,35.592287],"北京市(北京昌平科技园)":[116.244812,40.209293],"北京市(北京)":[116.395645,39.929986],"南充市(南充中转站)":[106.105554,30.800965],"成都市(成都中转)":[104.067923,30.679943],"成都市(成都双流)":[104.03283,30.450175],"东莞市(东莞长安)":[113.763434,23.043024],"东莞市(东莞中心)":[113.763434,23.043024],"荆州市(荆州中转部)":[112.099857,30.396103],"荆门市(钟祥)":[112.584826,31.244981],"东莞市(东莞石排)":[113.941017,23.103004],"武汉市(武汉中转部)":[114.3162,30.581084],"黄冈市(黄冈团风县)":[115.014087,30.723706],"黄冈市(团风淋山河镇)":[114.934501,30.749603],"金华市(东阳千祥)":[120.380818,29.237427],"金华市(金华中转部)":[119.652576,29.102899],"深圳市(深圳中心)":[114.025974,22.546054],"深圳市(罗湖笋岗)":[114.119315,22.570712],"南充市(南充顺庆六部)":[106.115798,30.949625],"昆明市(昆明中转)":[102.714601,25.049153],"曲靖市(曲靖)":[103.782539,25.520758],"曲靖市(曲靖麒麟六部)":[103.782539,25.520758],"上海市(松江)":[121.226791,31.021245],"上海市(上海航空部)":[121.487899,31.249162],"北京市(北京昌平二部中通)":[116.216456,40.221724],"成都市(成都蒲江县)":[103.497738,30.239939],"三明市(三明中转)":[117.642194,26.270835],"泉州市(泉州中转部)":[118.600362,24.901652],"厦门市(厦门中转部)":[118.103886,24.489231],"厦门市(厦门湖里)":[118.144676,24.521974],"石家庄市(石家庄中山公园)":[114.441351,38.072401],"石家庄市(石家庄)":[114.522082,38.048958],"重庆市(重庆)":[106.530635,29.544606],"重庆市(江北)":[106.713615,29.619318],"锡林郭勒盟(锡林浩特)":[116.136948,44.078961],"锡林郭勒盟(锡林浩特开发区分部)":[116.136948,44.078961],"广州市(广州新太和)":[113.30765,23.120049],"广州市(广州中心)":[113.30765,23.120049],"玉林市(玉林容县)":[110.151676,22.643974],"玉林市(容县石头镇)":[110.350079,22.966769],"邢台市(邢邯转运中心)":[114.520487,37.069531],"邯郸市(邯郸成安)":[114.482694,36.609308],"邯郸市(成安商城镇)":[114.704775,36.428151],"长沙市(长沙中转部)":[112.979353,28.213478],"长沙市(长沙南站)":[113.071701,28.153895],"焦作市(焦作)":[113.211836,35.234608],"大连市(大连)":[121.593478,38.94871],"大连市(大连沙区五部)":[121.593478,38.94871],"红河哈尼族彝族自治州(蒙自县)":[103.499689,23.346572],"红河哈尼族彝族自治州(蒙自文萃东区)":[103.516692,23.338657],"武汉市(武汉武广)":[114.277292,30.586193],"成都市(郫县)":[103.884625,30.839642],"中山市(中山中心)":[113.42206,22.545178],"江门市(江门新蓬江)":[113.078125,22.575117],"南平市(武夷山)":[118.011543,27.748135],"南平市(武夷山城区)":[118.011543,27.748135],"邢台市(河北清河县)":[115.69159,37.04053],"台州市(台州中转部)":[121.440613,28.668283],"温州市(乐清)":[121.016175,28.261839],"温州市(乐清虹桥二部)":[121.043408,28.222825],"无锡市(无锡中转部)":[120.305456,31.570037],"苏州市(苏州中转部)":[120.619907,31.317987],"苏州市(苏州吴中南)":[120.599493,31.223091],"深圳市(深圳月亮湾)":[113.894911,22.516499],"长沙市(长沙开福)":[112.992978,28.263554],"温州市(苍南灵溪分部)":[120.415329,27.513114],"晋城市(晋城分拨中心)":[112.867333,35.499834],"临汾市(临汾)":[111.538788,36.099745],"临汾市(临汾襄汾)":[111.538788,36.099745],"郑州市(郑州新郑龙湖)":[113.736115,34.459443],"包头市(包头中心)":[109.846239,40.647119],"鄂尔多斯市(达拉特旗)":[109.866191,40.220264],"南昌市(南昌中转部)":[115.893528,28.689578],"南昌市(南昌二十部)":[115.893528,28.689578],"台州市(玉环)":[121.284426,28.179738],"上海市(松江东部速礼)":[121.226791,31.021245],"上海市(上海)":[121.487899,31.249162],"杭州市(杭州石桥区)":[120.199805,30.338243],"重庆市(开县)":[108.38926,31.277101],"西安市(西安中转)":[108.953098,34.2778],"宝鸡市(宝鸡)":[107.170645,34.364081],"宝鸡市(宝鸡高新分部)":[107.170645,34.364081],"无锡市(唐浩)":[120.305456,31.570037],"揭阳市(潮汕中心)":[116.379501,23.547999],"梅州市(畲江分拨中心)":[116.126403,24.304571],"梅州市(梅州兴宁)":[115.7533,24.267311],"遵义市(遵义湄潭县)":[107.49168,27.764873],"东莞市(东莞塘厦)":[113.763434,23.043024],"梧州市(岑溪)":[111.02872,22.925291],"梧州市(岑溪筋竹镇)":[111.297665,22.894462],"肇庆市(高要)":[112.512166,23.110685],"肇庆市(高要金渡镇)":[112.521536,23.042741],"哈尔滨市(哈尔滨中转)":[126.657717,45.773225],"佳木斯市(佳木斯分拨中心)":[130.284735,46.81378],"鹤岗市(绥滨)":[131.856595,47.483007],"深圳市(福田新福星)":[114.055593,22.551731],"深圳市(深圳坪地)":[114.310232,22.775745],"成都市(成都文家场外光华)":[103.933931,30.702861],"廊坊市(东燕郊)":[116.703602,39.518611],"南通市(通州)":[121.072494,32.067099],"东莞市(东莞莞城)":[113.763434,23.043024],"漯河市(漯河中转)":[114.046061,33.576279],"驻马店市(驻马店汝南县)":[114.325776,32.921968],"深圳市(深圳龙华)":[114.048154,22.67707],"上海市(杨浦同济)":[121.535717,31.30451],"石家庄市(石家庄市场部)":[114.522082,38.048958],"唐山市(唐山中心)":[118.183451,39.650531],"秦皇岛市(秦皇岛抚宁县)":[119.3951,40.012967],"秦皇岛市(抚宁榆关镇)":[119.348266,39.948947],"德州市(山东市场三部)":[116.328161,37.460826],"济南市(济南中转部)":[117.024967,36.682785],"淮安市(淮安中转)":[119.313295,33.528349],"徐州市(徐州中转部)":[117.188107,34.271553],"徐州市(徐州丰县)":[116.615733,34.695773],"徐州市(城西二部)":[117.188107,34.271553],"宁波市(宁波洪塘)":[121.513958,29.951673],"宁波市(宁波中转部)":[121.579006,29.885259],"随州市(随州)":[113.379358,31.717858],"苏州市(常熟天猫淘宝五)":[120.831486,31.669446],"苏州市(常熟)":[120.831486,31.669446],"长沙市(长沙电脑城一部)":[112.979353,28.213478],"宜宾市(宜宾)":[104.633019,28.769675],"合肥市(合肥中转部)":[117.282699,31.866942],"宁波市(宁波)":[121.579006,29.885259],"宁波市(宁波洞桥)":[121.590091,29.869276],"宁波市(宁波洞桥四部)":[121.590091,29.869276],"蚌埠市(蚌埠中转部)":[117.35708,32.929499],"宿州市(宿州)":[116.988692,33.636772],"宿州市(宿州曹村镇)":[117.148567,34.015912],"驻马店市(驻马店遂平县)":[113.902485,33.167855],"驻马店市(遂平酷山乡)":[113.75365,33.212099]}
